{
    "0": 120,
    "1": 120,
    "2": 120,
    "3": 120,
    "4": 120,
    "5": 120,
    "6": 120,
    "7": 120,
    "8": 120,
    "9": 120,
    "10": 120,
    "11": 120,
    "12": 120,
    "13": 120,
    "14": 120,
    "15": 120,
    "16": 120,
    "17": 120,
    "18": 120,
    "19": 120,
    "20": 120,
    "21": 120.0,
    "22": 123.0,
    "23": 126.0,
    "24": 129.0,
    "25": 132.0,
    "26": 135.0,
    "27": 138.22000000000116,
    "28": 142.0,
    "29": 145.0,
    "30": 149.0,
    "31": 153.0,
    "32": 157.0,
    "33": 161.0,
    "34": 165.0,
    "35": 168.0,
    "36": 172.0,
    "37": 176.0,
    "38": 180.0,
    "39": 184.0,
    "40": 188.0,
    "41": 193.0,
    "42": 198.0,
    "43": 203.0,
    "44": 208.0,
    "45": 214.0,
    "46": 220.0,
    "47": 226.0,
    "48": 234.0,
    "49": 241.0,
    "50": 248.0,
    "51": 256.0,
    "52": 265.0,
    "53": 275.0,
    "54": 284.0,
    "55": 295.0,
    "56": 306.0,
    "57": 319.0,
    "58": 333.0,
    "59": 349.0,
    "60": 365.0,
    "61": 382.0,
    "62": 399.0,
    "63": 419.0,
    "64": 440.0,
    "65": 466.0,
    "66": 492.0,
    "67": 519.0,
    "68": 548.0,
    "69": 576.0,
    "70": 603.0,
    "71": 634.0,
    "72": 665.0,
    "73": 701.0,
    "74": 745.0,
    "75": 796.0,
    "76": 848.0,
    "77": 912.0,
    "78": 977.0,
    "79": 1034.0,
    "80": 1111.0,
    "81": 1184.0,
    "82": 1262.0,
    "83": 1382.37999999999,
    "84": 1515.0,
    "85": 1670.0,
    "86": 1830.9599999999919,
    "87": 1959.0,
    "88": 2087.0,
    "89": 2175.0,
    "90": 2282.0,
    "91": 2401.0,
    "92": 2622.12000000001,
    "93": 2938.0,
    "94": 3341.8399999999965,
    "95": 3773.699999999997,
    "96": 4195.0,
    "97": 4787.0,
    "98": 5484.0,
    "99": 6082.139999999999
}